,Date,Open,High,Low,Close,Adj Close,Volume
365,2023-02-28,1.0001,1.000182,0.999798,0.999977,0.999977,2899189248.0
364,2023-02-27,1.000125,1.000466,0.999631,1.000075,1.000075,3267016287.0
363,2023-02-26,1.000114,1.000308,0.999679,1.000136,1.000136,2507543870.0
362,2023-02-25,1.000056,1.000287,0.999666,1.000287,1.000287,2686817523.0
361,2023-02-24,1.000076,1.000334,0.999431,1.000045,1.000045,4261268706.0
360,2023-02-23,1.000153,1.000436,0.999517,1.000083,1.000083,4056250193.0
359,2023-02-22,1.000097,1.000388,0.99959,1.000145,1.000145,4388750217.0
358,2023-02-21,1.000121,1.00021,0.999513,1.000064,1.000064,4145675499.0
357,2023-02-20,0.999962,1.000321,0.999474,1.000143,1.000143,3456245956.0
356,2023-02-19,0.99998,1.000289,0.999467,0.999897,0.999897,3217361040.0
355,2023-02-18,0.999984,1.000306,0.999724,0.999887,0.999887,2724755647.0
354,2023-02-17,0.999831,1.000491,0.999566,0.999935,0.999935,4696979332.0
353,2023-02-16,1.000011,1.000436,0.999479,0.999858,0.999858,5620785014.0
352,2023-02-15,1.000066,1.000503,0.999644,1.000071,1.000071,4265639806.0
351,2023-02-14,1.000112,1.000534,0.999562,1.000057,1.000057,4219254344.0
350,2023-02-13,1.000134,1.000388,0.99943,1.000095,1.000095,4929525447.0
349,2023-02-12,0.999978,1.000457,0.999588,1.000066,1.000066,2523403098.0
348,2023-02-11,1.000005,1.000296,0.999584,0.999977,0.999977,2420063116.0
347,2023-02-10,1.000116,1.000384,0.999501,1.000031,1.000031,3672886124.0
346,2023-02-09,1.000024,1.000502,0.999462,1.000122,1.000122,4476731490.0
345,2023-02-08,1.000011,1.000277,0.999531,1.000012,1.000012,3602936283.0
344,2023-02-07,0.999839,1.00032,0.999477,0.999993,0.999993,3694028407.0
343,2023-02-06,0.99996,1.000459,0.999501,0.999928,0.999928,3098238993.0
342,2023-02-05,0.999884,1.000307,0.999176,0.999954,0.999954,2929555475.0
341,2023-02-04,0.999981,1.000292,0.999669,0.999921,0.999921,2476218901.0
340,2023-02-03,0.999789,1.000493,0.999665,1.000035,1.000035,3432403396.0
339,2023-02-02,1.000087,1.000455,0.99937,0.999775,0.999775,4233203635.0
338,2023-02-01,1.000017,1.000771,0.999525,1.00015,1.00015,3454788463.0
337,2023-01-31,1.000021,1.000431,0.99965,1.000058,1.000058,2960609713.0
336,2023-01-30,1.000075,1.000333,0.999503,1.000101,1.000101,3562976035.0
335,2023-01-29,1.000114,1.000393,0.999655,1.000001,1.000001,2963258500.0
334,2023-01-28,0.999982,1.000265,0.999635,1.00013,1.00013,2554816547.0
333,2023-01-27,0.99998,1.000388,0.99958,1.000027,1.000027,3615689955.0
332,2023-01-26,1.000029,1.000339,0.999628,0.99996,0.99996,3258930502.0
331,2023-01-25,0.999933,1.000506,0.9995,1.000062,1.000062,4154869647.0
330,2023-01-24,0.999826,1.000321,0.999089,0.999958,0.999958,3576076257.0
329,2023-01-23,0.999837,1.000426,0.999423,0.999858,0.999858,3419783936.0
328,2023-01-22,0.999861,1.000386,0.999431,0.999976,0.999976,3227947507.0
327,2023-01-21,1.000298,1.000505,0.999143,0.99984,0.99984,3742948234.0
326,2023-01-20,1.000042,1.000681,0.999667,1.000265,1.000265,3444375885.0
325,2023-01-19,0.999796,1.000308,0.999743,1.000024,1.000024,3098920631.0
324,2023-01-18,0.999808,1.000684,0.999392,0.999845,0.999845,4209476194.0
323,2023-01-17,1.000008,1.000358,0.999618,0.99981,0.99981,2965132328.0
322,2023-01-16,0.9999,1.000495,0.999627,0.999962,0.999962,2899726940.0
321,2023-01-15,1.000105,1.000313,0.999545,0.999926,0.999926,2635965361.0
320,2023-01-14,1.000181,1.000785,0.99939,1.000084,1.000084,4297415658.0
319,2023-01-13,1.000081,1.000538,0.999606,1.000247,1.000247,3509707746.0
318,2023-01-12,1.00032,1.000447,0.999277,1.000072,1.000072,4571366092.0
317,2023-01-11,1.000008,1.000384,0.999702,1.000132,1.000132,2801305360.0
316,2023-01-10,1.000005,1.000235,0.999706,0.999987,0.999987,2630571530.0
315,2023-01-09,1.000238,1.000358,0.999588,1.000046,1.000046,3646138496.0
314,2023-01-08,0.999945,1.000364,0.999833,1.000196,1.000196,1788498969.0
313,2023-01-07,1.000015,1.000327,0.999878,0.999982,0.999982,1570732742.0
312,2023-01-06,1.000008,1.000343,0.999796,1.000013,1.000013,2361812755.0
311,2023-01-05,1.000011,1.000217,0.999806,1.000021,1.000021,2080129330.0
310,2023-01-04,1.000109,1.000302,0.999738,1.000004,1.000004,2402538600.0
309,2023-01-03,1.00001,1.000251,0.999709,1.000098,1.000098,2006189065.0
308,2023-01-02,1.000014,1.000217,0.999848,0.999989,0.999989,1562545140.0
307,2023-01-01,1.000022,1.000362,0.999854,0.999993,0.999993,1197927576.0
306,2022-12-31,1.000196,1.000341,0.999877,1.000029,1.000029,1329559200.0
305,2022-12-30,1.000102,1.000296,0.999852,1.000121,1.000121,1879667314.0
304,2022-12-29,1.000157,1.000331,0.999783,1.000138,1.000138,1972864413.0
303,2022-12-28,1.000128,1.000244,0.999771,1.000185,1.000185,2210122747.0
302,2022-12-27,1.000104,1.000272,0.999698,1.000169,1.000169,1696141537.0
301,2022-12-26,1.00011,1.000196,0.999854,1.000103,1.000103,1442718612.0
300,2022-12-25,1.000029,1.000215,0.999755,1.000082,1.000082,1380163674.0
299,2022-12-24,1.000013,1.000234,0.999918,1.000046,1.000046,915340746.0
298,2022-12-23,1.00012,1.000271,0.999786,1.000034,1.000034,1885345751.0
297,2022-12-22,1.00004,1.000343,0.999506,1.00011,1.00011,1850998745.0
296,2022-12-21,0.999987,1.00027,0.999736,1.000096,1.000096,1950566712.0
295,2022-12-20,1.00019,1.000443,0.999763,0.999991,0.999991,2562520190.0
294,2022-12-19,0.999792,1.00025,0.999346,1.000191,1.000191,2366552622.0
293,2022-12-18,1.000019,1.000266,0.999633,0.999761,0.999761,1068964229.0
292,2022-12-17,0.999899,1.00041,0.999403,1.00002,1.00002,2160638041.0
291,2022-12-16,1.000006,1.000246,0.999343,0.999901,0.999901,3154403231.0
290,2022-12-15,1.00004,1.000249,0.99957,1.000015,1.000015,2460794466.0
289,2022-12-14,1.000135,1.000281,0.999618,0.99998,0.99998,3151848157.0
288,2022-12-13,1.000096,1.000517,0.999634,1.000134,1.000134,3884992735.0
287,2022-12-12,0.999997,1.000288,0.999726,1.000096,1.000096,2410188441.0
286,2022-12-11,1.000069,1.00034,0.99974,0.999996,0.999996,1330942018.0
285,2022-12-10,1.000038,1.00022,0.999913,1.000072,1.000072,1280687558.0
284,2022-12-09,1.000033,1.000307,0.999761,1.000043,1.000043,2120225426.0
283,2022-12-08,1.000035,1.000442,0.999806,1.000029,1.000029,2170271743.0
282,2022-12-07,1.000099,1.000199,0.999498,1.000027,1.000027,2274813216.0
281,2022-12-06,1.000019,1.000255,0.99967,1.00009,1.00009,2226009116.0
280,2022-12-05,1.000118,1.000397,0.999679,1.000021,1.000021,2283841749.0
279,2022-12-04,0.999966,1.000253,0.99981,1.000016,1.000016,1702758189.0
278,2022-12-03,1.000065,1.000245,0.999742,0.999962,0.999962,1795238577.0
277,2022-12-02,1.000012,1.000295,0.999695,1.000051,1.000051,2490597772.0
276,2022-12-01,1.000015,1.000261,0.999561,1.000003,1.000003,2503961407.0
275,2022-11-30,1.000079,1.000608,0.999646,1.000008,1.000008,3389698194.0
274,2022-11-29,1.000253,1.000444,0.999943,1.000076,1.000076,2909572697.0
273,2022-11-28,1.000176,1.000623,0.999678,1.000201,1.000201,2949046303.0
272,2022-11-27,1.000165,1.000354,0.999838,1.000141,1.000141,2289589937.0
271,2022-11-26,1.000081,1.000639,0.999869,1.000151,1.000151,2436483647.0
270,2022-11-25,1.000167,1.000316,0.999893,1.000057,1.000057,2547890810.0
269,2022-11-24,1.000329,1.000635,0.999965,1.000215,1.000215,3455771499.0
268,2022-11-23,1.00048,1.000787,1.000014,1.000327,1.000327,4043753926.0
267,2022-11-22,1.000252,1.000722,0.999969,1.000419,1.000419,4058680571.0
266,2022-11-21,1.000209,1.000779,0.999808,1.00033,1.00033,6600804024.0
265,2022-11-20,1.000167,1.000499,0.999832,1.000214,1.000214,2631891750.0
264,2022-11-19,1.000226,1.00046,0.999997,1.000156,1.000156,2142545663.0
263,2022-11-18,1.00016,1.000488,1.000039,1.000248,1.000248,2638924708.0
262,2022-11-17,1.000199,1.000526,0.999769,1.000162,1.000162,2882973153.0
261,2022-11-16,1.000356,1.000513,0.999789,1.000186,1.000186,3988959847.0
260,2022-11-15,1.000618,1.000805,0.999882,1.000345,1.000345,3132740778.0
259,2022-11-14,1.000135,1.000987,0.999779,1.000586,1.000586,4017714642.0
258,2022-11-13,1.000178,1.00062,0.999948,1.000136,1.000136,2374782585.0
257,2022-11-12,1.000758,1.000935,0.999999,1.000224,1.000224,2456430569.0
256,2022-11-11,1.00066,1.001328,0.999646,1.000734,1.000734,4591678573.0
255,2022-11-10,1.000359,1.00733,0.999857,1.000692,1.000692,9392844548.0
254,2022-11-09,1.000132,1.001207,0.999156,1.000342,1.000342,10733960295.0
253,2022-11-08,1.000297,1.001323,0.99871,0.999982,0.999982,9481272661.0
252,2022-11-07,0.999851,1.000388,0.999658,1.000323,1.000323,3478168774.0
251,2022-11-06,0.999908,1.000311,0.999594,0.999869,0.999869,2414704424.0
250,2022-11-05,1.000018,1.000315,0.999762,0.999904,0.999904,2820629269.0
249,2022-11-04,1.000041,1.000496,0.999669,1.000036,1.000036,4189794922.0
248,2022-11-03,1.000134,1.000654,0.999794,1.000065,1.000065,3480226568.0
247,2022-11-02,1.000035,1.000381,0.999572,1.000097,1.000097,6343248164.0
246,2022-11-01,1.000012,1.000254,0.999729,1.000044,1.000044,3559235451.0
245,2022-10-31,1.000086,1.000379,0.999452,0.999996,0.999996,5307443271.0
244,2022-10-30,1.000052,1.000261,0.999776,1.000115,1.000115,3672657264.0
243,2022-10-29,0.999918,1.000426,0.999699,1.000079,1.000079,4594883158.0
242,2022-10-28,0.999953,1.000288,0.999686,0.999923,0.999923,4000469292.0
241,2022-10-27,1.000022,1.000261,0.999731,0.999969,0.999969,4234666654.0
240,2022-10-26,0.999926,1.000425,0.999712,1.000027,1.000027,4575654708.0
239,2022-10-25,0.999942,1.000732,0.999706,0.999966,0.999966,4523233356.0
238,2022-10-24,1.00008,1.00026,0.999767,0.99998,0.99998,3031244247.0
237,2022-10-23,1.000023,1.000316,0.999782,1.00003,1.00003,2276952462.0
236,2022-10-22,1.000019,1.000191,0.99981,1.000029,1.000029,1929650726.0
235,2022-10-21,0.999986,1.000402,0.999839,1.000014,1.000014,3250082894.0
234,2022-10-20,1.000039,1.000402,0.999751,1.0,1.0,2679829482.0
233,2022-10-19,0.999982,1.000403,0.999761,1.000055,1.000055,2645576295.0
232,2022-10-18,0.999991,1.000302,0.999848,0.999998,0.999998,2885568216.0
231,2022-10-17,0.999961,1.000218,0.999854,0.999985,0.999985,2980936199.0
230,2022-10-16,0.999906,1.000286,0.999832,0.999953,0.999953,2511992440.0
229,2022-10-15,0.999996,1.000235,0.999838,0.99993,0.99993,2551998130.0
228,2022-10-14,1.000009,1.000324,0.999701,0.999995,0.999995,4058420604.0
227,2022-10-13,0.99997,1.000351,0.999546,1.000016,1.000016,4863475901.0
226,2022-10-12,1.000024,1.000255,0.99986,0.999962,0.999962,2920458912.0
225,2022-10-11,0.999934,1.000273,0.99971,1.000025,1.000025,3635935332.0
224,2022-10-10,0.999981,1.000243,0.999738,0.999941,0.999941,3234465931.0
223,2022-10-09,1.000151,1.000217,0.999854,0.999993,0.999993,2260430910.0
222,2022-10-08,0.999993,1.000189,0.999766,1.000147,1.000147,2735745388.0
221,2022-10-07,0.999988,1.00025,0.999731,1.000022,1.000022,3663387742.0
220,2022-10-06,1.000006,1.000272,0.999713,0.999969,0.999969,4064924187.0
219,2022-10-05,0.999943,1.000253,0.99971,0.999938,0.999938,3648372214.0
218,2022-10-04,0.999916,1.0002,0.999788,0.999932,0.999932,3702781171.0
217,2022-10-03,1.000032,1.000215,0.999816,0.999927,0.999927,4449830981.0
216,2022-10-02,1.000013,1.000311,0.999442,0.999991,0.999991,2933405193.0
215,2022-10-01,1.000042,1.000171,0.999798,0.999984,0.999984,3108134491.0
214,2022-09-30,0.999972,1.000395,0.999801,1.000066,1.000066,4870470845.0
213,2022-09-29,1.000054,1.000319,0.999652,1.000124,1.000124,4102135594.0
212,2022-09-28,1.000054,1.000344,0.999767,1.000011,1.000011,4650658918.0
211,2022-09-27,1.000214,1.000412,0.999705,1.000123,1.000123,4795683665.0
210,2022-09-26,1.000049,1.000421,0.999741,1.000165,1.000165,3999499289.0
209,2022-09-25,0.999968,1.000301,0.999817,0.999968,0.999968,3878358168.0
208,2022-09-24,1.00001,1.000243,0.999647,0.999973,0.999973,3875334932.0
207,2022-09-23,0.999946,1.000386,0.99972,0.999993,0.999993,5282910708.0
206,2022-09-22,1.000134,1.000488,0.999613,0.99992,0.99992,5233558179.0
205,2022-09-21,0.999915,1.000693,0.999349,1.000113,1.000113,5956755763.0
204,2022-09-20,0.999902,1.000308,0.9996,0.999948,0.999948,4922676526.0
203,2022-09-19,0.999994,1.00045,0.999668,0.999873,0.999873,5448220572.0
202,2022-09-18,1.000081,1.000239,0.999651,1.000077,1.000077,4028540366.0
201,2022-09-17,1.000077,1.000283,0.999856,1.000032,1.000032,3630797018.0
200,2022-09-16,1.00017,1.000336,0.999747,1.000118,1.000118,5765020468.0
199,2022-09-15,1.000038,1.00043,0.999744,1.000162,1.000162,7140693834.0
198,2022-09-14,0.999965,1.000268,0.99977,1.00004,1.00004,5785823308.0
197,2022-09-13,1.000022,1.000225,0.999364,1.000114,1.000114,7447771857.0
196,2022-09-12,0.99996,1.0002,0.999516,1.000011,1.000011,6603561164.0
195,2022-09-11,0.999861,1.000253,0.99963,0.999951,0.999951,5285353049.0
194,2022-09-10,0.999945,1.000224,0.999686,0.999863,0.999863,6034410916.0
193,2022-09-09,0.999907,1.00022,0.999633,0.999945,0.999945,7486756055.0
192,2022-09-08,0.999967,1.000259,0.9997,0.999914,0.999914,5599051311.0
191,2022-09-07,0.999805,1.000316,0.99971,0.999993,0.999993,5925798240.0
190,2022-09-06,0.9999,1.000318,0.999457,0.999878,0.999878,7323352432.0
189,2022-09-05,1.000121,1.00029,0.999592,0.999882,0.999882,6182567826.0
188,2022-09-04,1.000116,1.000255,0.999796,1.000107,1.000107,6332291606.0
187,2022-09-03,1.000133,1.000294,0.99964,1.000126,1.000126,5057166378.0
186,2022-09-02,0.99997,1.000278,0.999732,1.000101,1.000101,4800544392.0
185,2022-09-01,1.000055,1.000397,0.99966,0.999976,0.999976,5070758690.0
184,2022-08-31,0.999979,1.000391,0.999682,1.000028,1.000028,5586800452.0
183,2022-08-30,0.99998,1.000502,0.999687,1.000006,1.000006,6564730413.0
182,2022-08-29,0.999935,1.000366,0.999801,0.999967,0.999967,8146241733.0
181,2022-08-28,1.000014,1.00024,0.999727,1.000031,1.000031,6479740107.0
180,2022-08-27,0.999921,1.00035,0.999701,1.000009,1.000009,12367955268.0
179,2022-08-26,0.999979,1.000318,0.999549,0.999974,0.999974,9023777773.0
178,2022-08-25,0.999921,1.000195,0.999671,0.99996,0.99996,7247298408.0
177,2022-08-24,0.999999,1.000239,0.999647,0.999861,0.999861,7342467396.0
176,2022-08-23,1.000136,1.000395,0.999705,0.999982,0.999982,5446317941.0
175,2022-08-22,1.000114,1.000364,0.999764,1.000138,1.000138,5446317941.0
174,2022-08-21,1.000188,1.000397,0.999759,1.000141,1.000141,5446317941.0
173,2022-08-20,0.999954,1.000461,0.999737,1.000211,1.000211,7104084896.0
172,2022-08-19,0.999937,1.0004,0.999478,1.000028,1.000028,7104084896.0
171,2022-08-18,0.999975,1.000192,0.999625,0.999907,0.999907,5259309739.0
170,2022-08-17,1.000064,1.000261,0.999421,0.999955,0.999955,6429626031.0
169,2022-08-16,0.999915,1.000232,0.999621,1.000061,1.000061,6162980451.0
168,2022-08-15,0.999882,1.000261,0.999459,0.999949,0.999949,7302904711.0
167,2022-08-14,0.999952,1.000171,0.999558,0.999848,0.999848,4448890165.0
166,2022-08-13,1.000041,1.00016,0.999671,0.999952,0.999952,5445129024.0
165,2022-08-12,0.999884,1.000279,0.999651,1.000067,1.000067,6575377525.0
164,2022-08-11,1.000136,1.000258,0.999642,0.999914,0.999914,8324806426.0
163,2022-08-10,0.999772,1.000326,0.999532,1.000135,1.000135,7908008277.0
162,2022-08-09,1.00008,1.000299,0.999145,0.999798,0.999798,6736005317.0
161,2022-08-08,0.999938,1.000454,0.999442,1.000066,1.000066,6960679226.0
160,2022-08-07,0.999848,1.000354,0.999491,0.999919,0.999919,3504912367.0
159,2022-08-06,1.000121,1.000288,0.999566,0.999706,0.999706,4013049170.0
158,2022-08-05,1.000037,1.000418,0.999424,1.000088,1.000088,6033672422.0
157,2022-08-04,1.000034,1.000686,0.999612,1.000036,1.000036,6265705595.0
156,2022-08-03,0.999967,1.000512,0.999565,1.000032,1.000032,7123782220.0
155,2022-08-02,0.999856,1.000583,0.999348,0.999934,0.999934,8333966555.0
154,2022-08-01,0.999758,1.000469,0.999523,0.999837,0.999837,8090652736.0
153,2022-07-31,0.999748,1.000301,0.999316,0.999797,0.999797,7124030237.0
152,2022-07-30,0.99972,1.000419,0.999376,0.999866,0.999866,6342886733.0
151,2022-07-29,1.000024,1.000506,0.99921,0.999678,0.999678,8773001546.0
150,2022-07-28,1.000141,1.000492,0.999419,1.000022,1.000022,9419521160.0
149,2022-07-27,1.000161,1.000695,0.999635,1.000115,1.000115,8262809031.0
148,2022-07-26,0.999777,1.000669,0.999585,1.000142,1.000142,6871887569.0
147,2022-07-25,1.000064,1.000485,0.999363,0.999742,0.999742,6431520471.0
146,2022-07-24,1.000007,1.000475,0.999598,1.000084,1.000084,4866184511.0
145,2022-07-23,0.999952,1.000408,0.999497,1.000014,1.000014,5287167945.0
144,2022-07-22,1.000079,1.000447,0.999219,1.000017,1.000017,6285903773.0
143,2022-07-21,0.999887,1.000549,0.999458,1.000082,1.000082,7372587537.0
142,2022-07-20,0.999873,1.000579,0.99945,0.999913,0.999913,8806753436.0
141,2022-07-19,0.999872,1.000501,0.999354,0.999893,0.999893,9504899153.0
140,2022-07-18,1.000242,1.00077,0.999519,1.000078,1.000078,8456901936.0
139,2022-07-17,1.000172,1.00044,0.999452,1.000249,1.000249,5540927850.0
138,2022-07-16,0.999946,1.000865,0.999589,1.000151,1.000151,5382938984.0
137,2022-07-15,1.000009,1.000465,0.9996,0.999963,0.999963,5646216485.0
136,2022-07-14,1.000164,1.000475,0.999708,0.999997,0.999997,5345559224.0
135,2022-07-13,0.99991,1.000788,0.999535,1.000047,1.000047,5445116047.0
134,2022-07-12,1.000171,1.000574,0.999686,0.999853,0.999853,4780296209.0
133,2022-07-11,1.000046,1.000652,0.999726,1.000169,1.000169,4843512117.0
132,2022-07-10,1.00006,1.000387,0.999702,1.000029,1.000029,4439375698.0
131,2022-07-09,0.999915,1.000525,0.999812,1.000046,1.000046,4905270940.0
130,2022-07-08,1.000105,1.000711,0.999635,0.999778,0.999778,6142274118.0
129,2022-07-07,0.999893,1.000619,0.999759,1.000092,1.000092,5521739581.0
128,2022-07-06,1.000112,1.000781,0.999735,0.999879,0.999879,5406302050.0
127,2022-07-05,1.000336,1.000582,0.999809,1.000053,1.000053,6243487902.0
126,2022-07-04,1.000357,1.00073,0.999812,1.000306,1.000306,5032411793.0
125,2022-07-03,0.99996,1.000655,0.999773,1.000372,1.000372,3614447154.0
124,2022-07-02,1.000216,1.000677,0.999678,0.999971,0.999971,3973778503.0
123,2022-07-01,1.00009,1.000659,0.999812,1.000177,1.000177,5311122206.0
122,2022-06-30,1.000393,1.000793,0.999744,0.999914,0.999914,5219514116.0
121,2022-06-29,1.000121,1.000682,0.999837,1.000365,1.000365,5094612628.0
120,2022-06-28,1.000123,1.000687,0.999815,1.00014,1.00014,4237935225.0
119,2022-06-27,1.000009,1.000637,0.999773,1.000166,1.000166,3977297459.0
118,2022-06-26,1.000083,1.000736,0.999812,0.999813,0.999813,3243270528.0
117,2022-06-25,0.99992,1.00066,0.999662,1.000104,1.000104,3411506544.0
116,2022-06-24,1.00056,1.00062,0.999807,0.999864,0.999864,5032854948.0
115,2022-06-23,1.000093,1.000779,0.999819,1.000539,1.000539,4598601365.0
114,2022-06-22,0.999964,1.000791,0.999628,1.000108,1.000108,4567777097.0
113,2022-06-21,1.00018,1.001109,0.999839,0.999943,0.999943,4898540814.0
112,2022-06-20,1.000409,1.000983,0.999844,1.000152,1.000152,5394231917.0
111,2022-06-19,1.000258,1.001096,0.999896,1.000404,1.000404,6073489273.0
110,2022-06-18,1.000151,1.001324,0.999587,1.000315,1.000315,7168140282.0
109,2022-06-17,1.000449,1.001064,0.999922,1.000208,1.000208,5283451774.0
108,2022-06-16,1.000711,1.000909,0.999789,1.000368,1.000368,6216714654.0
107,2022-06-15,1.000643,1.00134,0.999777,1.000704,1.000704,10865090032.0
106,2022-06-14,1.000503,1.001226,0.999592,1.000728,1.000728,9261666900.0
105,2022-06-13,0.999974,1.001117,0.999501,1.000434,1.000434,13815639937.0
104,2022-06-12,1.000195,1.000915,0.999527,1.000049,1.000049,6008997676.0
103,2022-06-11,1.000088,1.001088,0.999738,1.00009,1.00009,4801662884.0
102,2022-06-10,1.000208,1.000477,0.999698,1.000063,1.000063,4483108536.0
101,2022-06-09,1.000212,1.000632,0.999747,1.000244,1.000244,3391661643.0
100,2022-06-08,1.000044,1.00083,0.999794,1.000218,1.000218,4466105669.0
99,2022-06-07,1.000089,1.000847,0.999742,1.000103,1.000103,5926284249.0
98,2022-06-06,1.00014,1.000834,0.999664,1.000082,1.000082,4623471415.0
97,2022-06-05,1.000205,1.00096,0.999882,1.000144,1.000144,3227635578.0
96,2022-06-04,1.000175,1.000726,0.999828,1.000243,1.000243,3190396150.0
95,2022-06-03,1.000272,1.000761,0.999765,1.000143,1.000143,4266590882.0
94,2022-06-02,1.00014,1.000808,0.999824,1.000224,1.000224,4994899697.0
93,2022-06-01,1.000216,1.000718,0.999712,1.00013,1.00013,6158677984.0
92,2022-05-31,1.00008,1.000776,0.999774,1.00021,1.00021,5896228360.0
91,2022-05-30,1.000568,1.000871,0.999582,1.000099,1.000099,6484139842.0
90,2022-05-29,1.000149,1.000826,0.999828,1.000586,1.000586,3972282488.0
89,2022-05-28,1.000251,1.000847,0.999838,1.00015,1.00015,4367920911.0
88,2022-05-27,0.999964,1.001228,0.999705,1.000403,1.000403,6832701659.0
87,2022-05-26,0.999838,1.001172,0.99974,0.99993,0.99993,6850921932.0
86,2022-05-25,1.000177,1.001007,0.999778,0.999821,0.999821,4580073336.0
85,2022-05-24,1.000149,1.000907,0.999738,1.000179,1.000179,4616931095.0
84,2022-05-23,1.000115,1.000906,0.999728,1.000141,1.000141,5594245864.0
83,2022-05-22,1.000255,1.000834,0.999937,1.000092,1.000092,3493584223.0
82,2022-05-21,0.999944,1.000862,0.999866,1.000266,1.000266,3085866979.0
81,2022-05-20,1.000278,1.000887,0.999787,0.999907,0.999907,5519038708.0
80,2022-05-19,0.99981,1.000822,0.99981,1.000269,1.000269,6580258237.0
79,2022-05-18,1.000219,1.000799,0.999771,0.999771,0.999771,5791540700.0
78,2022-05-17,1.000623,1.001045,0.99994,1.000219,1.000219,5271575140.0
77,2022-05-16,1.000195,1.000816,0.99974,1.000581,1.000581,6650512579.0
76,2022-05-15,1.000368,1.001026,0.999863,1.000183,1.000183,4610661832.0
75,2022-05-14,1.000418,1.000977,0.999695,1.000381,1.000381,5734214071.0
74,2022-05-13,1.000601,1.001901,0.999637,1.000347,1.000347,8025797259.0
73,2022-05-12,1.000777,1.011434,0.999531,1.000659,1.000659,18612052637.0
72,2022-05-11,0.999785,1.00135,0.999253,1.000766,1.000766,15143285239.0
71,2022-05-10,0.999576,1.000685,0.999278,0.999828,0.999828,8611992228.0
70,2022-05-09,0.999994,1.000682,0.999376,0.999595,0.999595,8493986111.0
69,2022-05-08,0.999918,1.000631,0.999548,1.000087,1.000087,5432001418.0
68,2022-05-07,1.000065,1.000427,0.999617,0.999906,0.999906,3623126811.0
67,2022-05-06,0.999947,1.000608,0.999523,1.000072,1.000072,5376284197.0
66,2022-05-05,1.000066,1.000605,0.999381,0.999958,0.999958,5202645491.0
65,2022-05-04,1.000118,1.000648,0.999619,1.000077,1.000077,4446134900.0
64,2022-05-03,1.000056,1.000381,0.999476,1.000119,1.000119,3691702287.0
63,2022-05-02,1.000361,1.000564,0.9995,1.00006,1.00006,3902762410.0
62,2022-05-01,1.000279,1.00085,0.999487,1.000381,1.000381,3757508036.0
61,2022-04-30,1.000008,1.000495,0.99928,1.000295,1.000295,3824993132.0
60,2022-04-29,1.000007,1.000417,0.999542,1.000023,1.000023,4076411418.0
59,2022-04-28,1.00031,1.000505,0.999507,1.000029,1.000029,4611631886.0
58,2022-04-27,1.000129,1.000839,0.999535,1.000321,1.000321,3849488651.0
57,2022-04-26,1.000192,1.001826,0.999363,1.000127,1.000127,4221564998.0
56,2022-04-25,0.99996,1.002028,0.9994,1.000218,1.000218,4720363070.0
55,2022-04-24,0.999791,1.001844,0.999478,0.999963,0.999963,2649077080.0
54,2022-04-23,1.000237,1.000628,0.999495,1.000004,1.000004,2324060694.0
53,2022-04-22,1.000247,1.000677,0.999463,1.000199,1.000199,3882678798.0
52,2022-04-21,0.999839,1.001759,0.999439,1.000282,1.000282,4474827385.0
51,2022-04-20,0.999908,1.000633,0.999313,0.999847,0.999847,4170091755.0
50,2022-04-19,0.999883,1.000605,0.99932,0.999897,0.999897,3629844066.0
49,2022-04-18,0.999273,1.00055,0.998829,0.999873,0.999873,4013104508.0
48,2022-04-17,1.000202,1.000321,0.998905,0.999259,0.999259,2678573075.0
47,2022-04-16,0.999734,1.000432,0.99927,1.000226,1.000226,2152278186.0
46,2022-04-15,0.999831,1.000562,0.999386,0.999753,0.999753,3220618832.0
45,2022-04-14,0.999725,1.000333,0.999081,0.999839,0.999839,3957318706.0
44,2022-04-13,0.999829,1.00039,0.999153,0.999745,0.999745,3725782044.0
43,2022-04-12,0.999814,1.000624,0.999232,0.999865,0.999865,4605505010.0
42,2022-04-11,0.999696,1.000304,0.999009,0.999732,0.999732,5102389285.0
41,2022-04-10,1.000084,1.000503,0.999144,0.999626,0.999626,2315716300.0
40,2022-04-09,0.999746,1.000533,0.999067,1.000084,1.000084,2269317026.0
39,2022-04-08,1.00011,1.001015,0.997316,0.999741,0.999741,3965817036.0
38,2022-04-07,0.999612,1.001111,0.999066,1.000037,1.000037,3809231231.0
37,2022-04-06,0.999659,1.000602,0.998623,0.999585,0.999585,5849605363.0
36,2022-04-05,1.000138,1.00036,0.999034,0.999696,0.999696,3993328112.0
35,2022-04-04,1.000088,1.000316,0.99891,1.000122,1.000122,4217884092.0
34,2022-04-03,0.999304,1.000438,0.998505,1.000094,1.000094,3383196459.0
33,2022-04-02,1.000007,1.000309,0.999065,0.999344,0.999344,4174919496.0
32,2022-04-01,0.999516,1.000418,0.999024,0.999994,0.999994,4910693133.0
31,2022-03-31,0.999448,1.000294,0.998941,0.999447,0.999447,4965559497.0
30,2022-03-30,0.999996,1.000478,0.999165,0.999431,0.999431,4294916739.0
29,2022-03-29,1.000064,1.000332,0.999345,0.999996,0.999996,4605087735.0
28,2022-03-28,1.000045,1.000511,0.999231,1.000126,1.000126,4736107595.0
27,2022-03-27,0.99992,1.000435,0.999495,1.000039,1.000039,3193250085.0
26,2022-03-26,0.999203,1.000545,0.999066,0.999892,0.999892,2351508897.0
25,2022-03-25,0.999703,1.000249,0.998783,0.999153,0.999153,3995768300.0
24,2022-03-24,0.999977,1.000379,0.999073,0.999705,0.999705,4794381206.0
23,2022-03-23,0.99989,1.000379,0.999177,0.999953,0.999953,3777569857.0
22,2022-03-22,0.99982,1.000268,0.999477,0.999904,0.999904,4026123791.0
21,2022-03-21,0.999927,1.000377,0.999399,0.999828,0.999828,3371335656.0
20,2022-03-20,0.999755,1.000246,0.999157,0.999932,0.999932,2943598190.0
19,2022-03-19,0.999806,1.000169,0.999337,0.999748,0.999748,2958600262.0
18,2022-03-18,0.999753,1.000103,0.999323,0.999848,0.999848,4336717258.0
17,2022-03-17,0.999905,1.000246,0.999498,0.999784,0.999784,3742857761.0
16,2022-03-16,0.999362,1.000555,0.999168,0.999896,0.999896,5396067900.0
15,2022-03-15,1.000269,1.000798,0.998702,0.999367,0.999367,3439991060.0
14,2022-03-14,0.999947,1.000643,0.998397,1.000288,1.000288,3579010932.0
13,2022-03-13,0.999699,1.000181,0.999028,0.999965,0.999965,2802399958.0
12,2022-03-12,0.999347,1.000238,0.999243,0.999538,0.999538,2442312633.0
11,2022-03-11,0.999808,1.000177,0.999168,0.999341,0.999341,3885937976.0
10,2022-03-10,1.00044,1.000705,0.998994,0.999801,0.999801,3932910648.0
9,2022-03-09,1.000269,1.001521,0.999221,1.00045,1.00045,4206640635.0
8,2022-03-08,0.999101,1.001225,0.999069,1.00026,1.00026,4167069281.0
7,2022-03-07,0.999875,1.000687,0.998631,0.999134,0.999134,4227523780.0
6,2022-03-06,0.99938,1.000413,0.998768,0.999851,0.999851,3162813903.0
5,2022-03-05,0.999922,1.000888,0.997745,0.999371,0.999371,2645372913.0
4,2022-03-04,0.999959,1.000685,0.999072,0.999841,0.999841,4810312635.0
3,2022-03-03,0.999564,1.000503,0.999041,0.999934,0.999934,3923999317.0
2,2022-03-02,0.999803,1.000585,0.99877,0.999569,0.999569,5351706956.0
1,2022-03-01,0.99984,1.000523,0.998505,0.999814,0.999814,5617261430.0
0,2022-02-28,0.999688,1.000571,0.998875,0.999853,0.999853,5502186592.0
